{"graph_0": {"_type": "graph-file", "path": "media/graph/graph_0_summary_9238399a.graph.json", "sha256": "9238399a34785d26ae5da0da2bdf5e3d3e9cbe7ebb9c49f22dd9d19003b6ba96", "size": 25627}, "Training loss": 1.3057641983032227, "lr": 5.546218487394958e-07, "global_step": 633, "_runtime": 685, "_timestamp": 1613467147, "_step": 13, "correct": 95, "similar": 659, "incorrect": 246, "train_loss": 1.750614881515503, "eval_loss": -6.472811851501465}