{"graph_0": {"_type": "graph-file", "path": "media/graph/graph_0_summary_e2e4370f.graph.json", "sha256": "e2e4370f96d70bf08796682a0149a1ec405c10669fb05a079bdac97cc9ae064e", "size": 26308}, "Training loss": 1.1677935123443604, "lr": 0.0, "global_step": 250, "_runtime": 304, "_timestamp": 1613463962, "_step": 8, "correct": 0, "similar": 99, "incorrect": 1, "train_loss": 1.1677935123443604, "eval_loss": -4.218448969034048}