{"graph_0": {"_type": "graph-file", "path": "media/graph/graph_0_summary_b2432ae4.graph.json", "sha256": "b2432ae4eabd666d2f5f67610cf5153095308c4d0709ff4d59b5d32e3bca9476", "size": 25627}, "Training loss": 1.9076850414276123, "lr": 2.136752136752137e-06, "global_step": 125, "_runtime": 141, "_timestamp": 1613464186, "_step": 3, "correct": 5, "similar": 79, "incorrect": 16, "train_loss": 1.9735463857650757, "eval_loss": -5.8430879299457255}