{"graph_0": {"_type": "graph-file", "path": "media/graph/graph_0_summary_2ff1dbb2.graph.json", "sha256": "2ff1dbb2837c87b51d7c6139ebff7a38756d94a0dfcaaea3f4ee7524b773a610", "size": 26308}, "Training loss": 5.015758991241455, "lr": 6.578947368421054e-06, "global_step": 50, "_runtime": 31, "_timestamp": 1613502522, "_step": 0}